Age,BMI,Previous Complications,Preexisting Diabetes,BP,Blood Sugar,Heart Rate,Risk Level
22,18,1,1,1,1,High,High
22,20.4,0,0,0,0,Normal,Low
27,23,1,0,0,0,Normal,Low
20,21.2,0,0,0,0,Normal,Low
20,19.7,0,0,0,0,Normal,Low
22,24,0,0,0,0,Normal,Low
20,17.6,0,1,0,1,High,High
23,21.3,0,0,0,0,Normal,Low
22,22,0,0,0,0,Normal,Low
26,30.2,1,1,0,1,High,High
25,24.5,0,1,0,0,Normal,Low
22,30,1,0,0,1,High,High
23,21,0,0,0,0,Low,Low
19,21.5,0,0,0,0,Normal,Low
23,21,1,0,0,0,Normal,Low
18,18.6,0,1,0,0,Normal,Low
20,19,0,0,0,0,Normal,Low
24,21.2,0,0,0,0,Normal,Low
21,20,0,1,0,0,Normal,Low
44,25.3,0,1,1,1,High,High
18,19,0,1,0,0,Normal,Low
23,21,0,0,0,0,Normal,Low
17,19,0,0,0,0,Normal,Low
21,20.4,0,0,0,0,Low,Low
23,23.8,0,0,0,0,Normal,Low
18,20.2,0,0,0,0,Normal,Low
25,23.7,0,0,0,0,Normal,Low
21,24.2,0,0,0,0,Normal,Low
19,21,0,1,0,0,Normal,Low
26,25,0,1,1,1,High,High
18,18.6,0,0,0,0,Normal,Low
28,24,0,0,0,0,Low,Low
20,19.3,0,0,0,0,Normal,Low
25,21.2,0,0,0,0,Normal,Low
17,18.8,0,0,0,0,Normal,Low
26,23.4,0,1,0,0,Normal,Low
24,22.8,1,0,0,0,Normal,Low
19,18.5,0,0,0,0,Normal,Low
28,30.1,0,0,1,1,High,High
40,26.6,1,1,1,1,High,High
23,23,0,0,0,0,Normal,Low
18,18.5,0,0,0,0,Normal,Low
17,18.5,0,0,0,0,Normal,Low
37,23,0,0,0,0,Normal,Low
29,23.2,0,0,0,0,Normal,Low
26,22.9,0,0,1,0,Normal,Low
19,22.5,0,0,1,0,Normal,Low
22,21,0,1,1,0,Normal,Low
18,19.4,0,0,0,0,Normal,Low
21,21,0,0,0,0,Normal,Low
34,30,1,0,0,1,Normal,High
19,18.6,0,0,0,0,Low,Low
35,33,1,1,1,1,Low,High
36,26,1,1,1,1,High,High
32,26.6,1,1,1,1,High,High
25,25.2,1,1,1,1,Normal,High
38,25.7,1,1,1,1,High,High
48,27,0,1,1,1,High,High
27,25.5,0,1,0,1,High,High
25,23,0,0,0,0,Normal,Low
21,20,0,0,0,0,Normal,Low
19,18.9,0,0,0,0,Normal,Low
20,19,0,0,0,0,Normal,Low
28,23.1,0,0,0,0,Normal,Low
29,24.4,0,0,0,0,Normal,Low
19,17,0,0,1,1,High,High
24,30,0,0,1,0,High,High
30,30.3,1,0,1,1,High,High
28,31,0,0,1,0,High,High
39,25,1,1,1,1,Normal,High
28,24,0,0,0,0,Normal,Low
35,24.7,0,0,0,0,Normal,Low
29,23,0,0,0,0,Normal,Low
32,24.8,0,0,0,0,Normal,Low
29,22,0,0,0,0,Normal,Low
18,18.6,0,0,0,0,Normal,Low
24,20.5,0,0,0,0,Normal,Low
30,24,0,0,0,0,Normal,Low
25,32,1,0,0,0,Low,High
30,25,1,1,1,1,High,High
36,26.7,1,1,1,1,High,High
18,17.6,0,0,0,0,High,High
25,23,0,0,0,0,Normal,Low
20,21,0,0,0,0,Normal,Low
35,24,0,0,0,0,Normal,Low
30,28,0,0,0,0,Normal,Low
24,23.2,0,0,0,0,Normal,Low
31,26.6,0,1,1,1,High,High
18,18.5,0,0,0,0,Normal,Low
20,19,0,0,0,0,Normal,Low
18,24,0,0,0,0,Normal,Low
28,24.9,0,0,0,0,Normal,Low
25,24.2,0,0,0,0,Normal,Low
39,27,1,1,1,1,High,High
28,33,1,0,1,1,High,High
20,30,0,1,1,0,High,High
33,24,0,0,1,0,Normal,Low
41,27,1,1,0,1,Normal,High
25,30.1,0,0,1,1,High,High
35,25.9,1,1,1,1,High,High
33,27.2,0,1,1,1,High,High
27,25,0,1,1,1,High,High
22,30.3,0,1,1,0,High,High
25,32.2,0,1,1,1,Normal,High
23,17,0,1,1,0,Normal,High
24,29.9,1,0,1,0,Normal,High
29,25,1,1,1,1,High,High
26,26.2,0,1,1,1,High,High
19,18,0,0,1,0,Low,High
22,31.4,0,0,1,0,High,High
25,25.8,1,1,1,1,High,High
36,25.3,1,1,1,1,Low,High
24,32.4,0,0,1,0,Normal,High
25,31.3,0,0,1,1,High,High
20,29.9,0,0,1,0,High,High
30,27.5,1,1,1,1,High,High
30,26.7,1,1,1,1,High,High
19,18.4,0,0,1,0,Normal,High
24,18.2,0,1,1,1,Normal,High
28,25.4,0,1,1,1,High,High
39,28,1,1,1,1,Normal,High
18,18.3,0,0,1,0,Normal,High
30,25.9,0,1,1,1,Normal,High
30,31.6,0,1,1,1,Normal,High
39,27,1,1,1,1,High,High
18,17.8,0,0,0,0,High,High
25,30,0,0,1,1,Normal,High
38,28,0,1,1,1,Normal,High
24,29,0,1,1,1,Normal,High
35,26.5,1,1,1,1,Low,High
33,25.7,1,1,1,1,Normal,High
29,26.4,1,1,1,1,Normal,High
35,25,1,1,1,1,Normal,High
35,27,0,1,1,1,High,High
30,26,0,1,1,1,Normal,High
36,29,1,1,1,1,High,High
29,33,1,0,0,1,High,High
28,32.9,0,0,1,1,Normal,High
22,17.8,1,0,1,0,High,High
18,17,0,0,1,0,High,High
20,29,0,0,1,0,High,High
23,26,0,0,1,0,High,High
22,28,0,0,1,0,Normal,High
25,27,1,0,1,0,Normal,High
30,25.7,1,1,1,1,Low,High
32,29.6,1,1,1,1,Normal,High
22,30.5,0,0,1,0,High,High
27,31,0,0,1,0,High,High
25,30.3,0,0,1,0,High,High
35,25,1,1,1,1,High,High
23,29,1,0,1,0,High,High
26,30,1,0,1,0,High,High
24,32.9,0,0,0,0,Normal,High
25,33,0,0,1,0,Normal,High
25,25,1,0,1,0,High,High
28,27,1,1,0,1,High,High
25,30,1,0,1,0,High,High
18,33,0,0,1,0,High,High
23,31.4,0,0,1,0,High,High
30,25,1,1,1,1,High,High
36,25.2,1,1,1,1,High,High
18,27,0,0,0,0,High,High
21,28.4,0,0,1,0,Normal,High
22,27,0,0,1,0,High,High
28,35,1,0,1,0,High,High
31,29.7,1,1,1,1,High,High
20,27.5,0,0,1,0,High,High
20,25,0,0,1,0,Normal,High
30,28,1,1,1,1,Normal,High
28,26,1,1,1,1,Normal,High
27,30,1,0,1,0,Low,High
22,25,0,0,1,0,Low,High
33,26,1,1,1,1,High,High
22,27,0,0,1,0,High,High
27,28,0,1,1,0,High,High
25,30.2,0,0,1,0,High,High
25,30.6,0,0,1,0,High,High
33,29.3,0,1,1,1,High,High
32,28.5,0,1,1,1,High,High
35,27.4,0,1,1,1,Normal,High
25,30.3,1,0,1,0,Normal,High
30,29.9,1,1,1,1,Normal,High
28,25.7,0,1,1,0,High,High
19,26.5,0,0,1,0,High,High
25,25.6,0,0,1,0,High,High
26,33.3,1,0,1,0,Normal,High
22,25,0,0,1,0,High,High
30,26,1,1,1,1,Normal,High
33,27,0,1,1,1,Normal,High
29,28,0,1,1,0,High,High
24,29,0,1,1,0,High,High
23,29.8,1,1,0,0,High,High
34,28.4,0,1,0,1,High,High
23,30.5,1,0,1,0,High,High
38,26.9,0,1,0,1,Low,High
28,23.2,0,0,1,0,Normal,Low
22,19,0,0,0,0,Normal,Low
29,20,0,0,0,0,Normal,Low
24,21,0,0,0,0,Normal,Low
28,22,0,0,1,0,Normal,Low
35,23,0,0,0,0,Normal,Low
27,24,0,0,0,0,Normal,Low
30,23,0,0,1,0,Normal,Low
26,21,0,0,0,0,Normal,Low
32,20,0,0,0,0,Normal,Low
29,21,0,0,0,0,Normal,Low
21,22,0,0,0,0,Normal,Low
23,23,0,0,0,0,Normal,Low
28,22,0,0,0,0,Normal,Low
30,21,0,0,0,0,Normal,Low
33,20,0,0,0,0,Normal,Low
34,20.4,0,0,0,0,Normal,Low
37,19,0,0,0,0,Normal,Low
35,20,0,0,1,0,Normal,Low
34,21,0,0,0,0,Normal,Low
32,22,0,0,0,0,Normal,Low
38,23,0,0,0,0,Normal,Low
22,20,0,0,0,0,Normal,Low
24,19,0,0,0,0,Normal,Low
25,18.5,0,0,0,0,Normal,Low
22,20,0,0,0,0,Normal,Low
27,21,0,0,0,0,Normal,Low
28,22,0,0,0,0,Normal,Low
21,23,0,0,0,0,Normal,Low
26,24.1,0,0,0,0,Normal,Low
25,24,0,0,0,0,Normal,Low
24,22.4,0,0,0,0,Normal,Low
21,23,0,0,0,0,Normal,Low
27,20,0,0,0,0,Normal,Low
33,22.8,0,0,0,0,Normal,Low
31,19,0,0,0,0,Normal,Low
35,20,0,0,0,0,Normal,Low
36,21,0,0,0,0,Normal,Low
32,23,0,0,0,0,Normal,Low
33,21,0,0,0,0,Normal,Low
34,24,0,0,0,0,Normal,Low
30,19,0,0,1,0,Normal,Low
32,19,0,0,0,0,Normal,Low
31,19,0,0,0,0,Normal,Low
20,20,0,0,0,0,Normal,Low
22,20,0,0,0,0,Normal,Low
25,20,0,0,1,0,Normal,Low
29,20,0,0,0,0,Normal,Low
27,20,0,0,0,0,Normal,Low
21,21,0,0,0,0,Normal,Low
18,21,0,0,0,0,Normal,Low
17,21,0,0,1,0,Normal,Low
33,21,0,0,0,0,Normal,Low
36,21,0,0,0,0,Normal,Low
35,22,0,0,1,0,Normal,Low
34,22,0,0,1,0,Normal,Low
30,22,0,0,0,0,Normal,Low
41,22,0,0,0,0,Normal,Low
23,22,0,0,0,0,Normal,Low
23,23,0,0,0,0,Low,Low
24,23,0,0,0,0,Normal,Low
23,23,0,0,1,0,Normal,Low
26,23,0,0,0,0,Normal,Low
22,23,0,0,0,0,Normal,Low
23,24,0,0,0,0,Normal,Low
21,24,0,0,0,0,Normal,Low
21,24,0,0,0,0,Normal,Low
24,24,0,0,0,0,Normal,Low
29,24,0,0,0,0,Normal,Low
26,23.1,0,0,0,0,Normal,Low
25,23.5,0,0,0,0,Normal,Low
28,22.1,0,0,0,0,Normal,Low
29,24.3,0,1,0,0,Normal,Low
30,22.4,0,0,1,0,Normal,Low
32,24.5,0,0,1,0,Normal,Low
28,24.4,0,0,0,0,Normal,Low
27,24.3,0,0,0,0,Normal,Low
30,24.1,0,0,1,0,Normal,Low
26,24,0,0,0,0,Normal,Low
22,23.9,0,0,0,0,Normal,Low
27,21.2,0,0,0,0,Normal,Low
20,24.9,0,1,0,0,Normal,Low
25,19,0,0,0,0,Normal,Low
18,19,0,0,0,0,Normal,Low
22,19,0,0,0,0,Normal,Low
19,19,0,0,0,0,Normal,Low
25,21.1,0,0,0,0,Normal,Low
28,21.2,0,0,0,0,Normal,Low
29,21.3,0,0,0,0,Normal,Low
18,21.5,0,0,0,0,Normal,Low
17,21.6,0,0,0,0,Normal,Low
37,22.2,0,0,0,0,Normal,Low
28,25.2,0,0,0,0,Normal,Low
26,26.3,0,0,0,0,Normal,Low
19,19.7,0,0,0,0,Normal,Low
22,24.9,0,0,0,0,Normal,Low
18,24.9,0,0,0,0,Normal,Low
21,24.9,0,0,0,0,Normal,Low
34,24.9,0,1,1,0,Normal,Low
19,21.2,0,1,0,0,Normal,Low
25,21.2,0,0,1,0,Normal,Low
36,21.2,0,0,0,0,Normal,Low
28,21.2,0,0,0,0,Normal,Low
25,19,0,0,0,0,Normal,Low
36,20,0,0,0,0,Normal,Low
28,21,0,0,0,0,Normal,Low
26,22,0,0,1,0,Normal,Low
20,23,0,0,0,0,Normal,Low
21,24,0,0,0,0,Normal,Low
20,23,0,0,0,0,Normal,Low
28,22,0,0,0,0,Normal,Low
29,21,0,0,1,0,Normal,Low
30,20,0,0,1,0,Normal,Low
19,19,0,0,0,0,Normal,Low
24,20,0,0,0,0,Normal,Low
28,21,0,0,1,0,Normal,Low
39,22,0,0,0,0,Normal,Low
28,23,0,0,0,0,Normal,Low
24,24,0,0,0,0,Normal,Low
25,23,0,0,0,0,Normal,Low
29,22,0,0,0,0,Normal,Low
19,21,0,0,0,0,Normal,Low
18,20,0,0,0,0,Normal,Low
24,19,0,0,1,0,Normal,Low
30,18.5,0,0,1,0,Normal,Low
18,18.9,0,0,0,0,Normal,Low
30,18.7,0,0,0,0,Normal,Low
36,18.8,0,0,0,0,Normal,Low
18,24.5,0,0,0,0,Normal,Low
25,23,0,0,0,0,Normal,Low
31,22.5,0,0,0,0,Normal,Low
39,19,0,0,1,0,Normal,Low
28,18.7,0,0,0,0,Normal,Low
20,20,0,0,0,0,Normal,Low
33,21,0,0,1,0,Normal,Low
29,22,0,0,0,0,Normal,Low
30,23,0,0,0,0,Normal,Low
20,24,0,0,1,0,Normal,Low
23,23,0,0,0,0,Normal,Low
19,22,0,0,0,0,Normal,Low
31,21,0,0,0,0,Normal,Low
25,20,0,0,0,0,Normal,Low
37,19,0,0,0,0,Normal,Low
21,20,0,0,0,0,Normal,Low
20,21,0,0,0,0,Normal,Low
32,22,0,0,0,0,Normal,Low
26,23,0,0,0,0,Normal,Low
28,24,0,0,0,0,Normal,Low
35,24.1,0,0,0,0,Normal,Low
28,19.6,0,0,0,0,Normal,Low
18,19,0,0,0,0,Normal,Low
36,20,0,0,0,0,Normal,Low
33,21,0,0,0,0,Normal,Low
31,22,0,0,0,0,Normal,Low
29,23,0,0,1,0,Normal,Low
20,24,0,0,0,0,Normal,Low
30,22,0,0,1,0,Normal,Low
32,20,0,0,0,0,Normal,Low
25,21,0,0,0,0,Normal,Low
22,22,0,0,0,0,Normal,Low
18,23,0,0,0,0,Normal,Low
29,24,0,0,1,0,Normal,Low
28,23,0,0,0,0,Normal,Low
22,22,0,0,1,0,Normal,Low
18,21,0,0,1,0,Normal,Low
29,20,0,0,0,0,Normal,Low
28,19,0,0,0,0,Normal,Low
22,18.5,0,0,0,0,Normal,Low
18,18.6,0,0,0,0,Normal,Low
28,18.7,0,0,0,0,Normal,Low
19,19,0,0,0,0,Normal,Low
19,20,0,1,0,0,Normal,Low
21,22,0,0,1,0,Normal,Low
23,23,0,0,0,0,Normal,Low
25,24,0,0,0,0,Normal,Low
24,23,0,0,0,0,Normal,Low
32,22,0,0,0,0,Normal,Low
20,20,0,0,1,0,Normal,Low
17,21,0,0,0,0,Normal,Low
24,18.5,0,0,0,0,Normal,Low
33,19,0,0,0,0,Normal,Low
26,20,0,0,0,0,Normal,Low
28,21,0,0,1,0,Normal,Low
19,22,0,0,0,0,Normal,Low
32,23,0,0,0,0,Normal,Low
24,24,0,0,0,0,Normal,Low
26,23,0,0,0,0,Normal,Low
23,22,0,0,0,0,Normal,Low
21,21,0,0,1,0,Normal,Low
20,20,0,0,1,0,Normal,Low
40,19,0,0,0,0,Normal,Low
39,20,0,0,0,0,Normal,Low
37,21,0,0,0,0,Normal,Low
31,24,0,0,0,0,Normal,Low
27,23,0,0,0,0,Normal,Low
23,22,0,0,0,0,Normal,Low
22,24.4,0,0,0,0,Normal,Low
27,22,0,0,1,0,Normal,Low
19,23,0,0,1,0,Normal,Low
20,24,0,0,0,0,Normal,Low
32,20,0,0,1,0,Normal,Low
23,19,0,0,1,0,Normal,Low
26,18.5,0,0,0,0,Normal,Low
25,18.9,0,0,0,0,Normal,Low
20,19,0,0,0,0,Normal,Low
21,20,0,0,0,0,Normal,Low
21,21,0,0,0,0,Normal,Low
23,22,0,0,0,0,Normal,Low
30,23,0,0,0,0,Normal,Low
21,24,0,0,0,0,Normal,Low
28,23,0,0,0,0,Normal,Low
24,22,0,0,0,0,Normal,Low
20,21,0,0,0,0,Normal,Low
25,20,0,0,0,0,Normal,Low
24,19,0,0,0,0,Normal,Low
30,19,0,0,0,0,Normal,Low
28,19,0,0,0,0,Normal,Low
24,19,0,0,0,0,Normal,Low
20,19,0,0,1,0,Normal,Low
31,19,0,0,1,0,Normal,Low
28,20,0,0,1,0,Normal,Low
22,20,0,0,1,0,Normal,Low
21,20,0,0,0,0,Normal,Low
18,20,0,0,0,0,Normal,Low
30,20,0,0,1,0,Normal,Low
30,20,0,0,1,0,Normal,Low
18,21,0,0,1,0,Normal,Low
19,21,0,0,0,0,Normal,Low
22,21,0,0,0,0,Normal,Low
21,21,0,0,0,0,Normal,Low
25,21,0,0,0,0,Normal,Low
32,21,0,0,0,0,Normal,Low
28,21,0,0,0,0,Normal,Low
24,22,0,0,0,0,Normal,Low
23,22,0,0,1,0,Normal,Low
29,22,0,1,0,0,Normal,Low
21,22,0,0,0,0,Normal,Low
34,22,0,1,0,0,Normal,Low
30,22,0,0,1,0,Normal,Low
17,23,0,0,0,0,Normal,Low
30,23,0,0,0,0,Normal,Low
27,23,0,0,0,0,Normal,Low
20,23,0,0,0,0,Normal,Low
23,23,0,0,0,0,Normal,Low
18,23,0,0,0,0,Normal,Low
30,23,0,0,0,0,Normal,Low
25,24,0,0,0,0,Normal,Low
20,24,0,0,0,0,Normal,Low
25,24,0,0,1,0,Normal,Low
30,24,0,0,1,0,Normal,Low
25,24,0,0,1,0,Normal,Low
29,24,0,0,1,0,Normal,Low
25,18.5,0,0,1,0,Normal,Low
27,18.5,0,0,1,0,Normal,Low
23,18.5,0,0,0,0,Normal,Low
22,18.5,0,0,1,0,Normal,Low
19,18.5,0,0,0,0,Normal,Low
24,18.5,0,0,0,0,Normal,Low
28,22.9,0,0,0,0,Normal,Low
36,22.9,0,0,0,0,Normal,Low
33,22.9,0,0,1,0,Normal,Low
28,22.9,0,0,0,0,Normal,Low
36,22.9,0,0,1,0,Normal,Low
28,22.9,0,0,1,0,Normal,Low
26,21.3,0,0,0,0,Normal,Low
30,21.3,0,0,0,0,Normal,Low
18,21.3,0,0,0,0,Normal,Low
29,21.3,0,0,0,0,Normal,Low
21,21.3,0,0,0,0,Normal,Low
325,21.3,0,0,0,0,Low,Low
35,24.7,0,0,0,0,Low,Low
22,24.7,0,0,0,0,High,Low
23,24.7,0,0,0,0,Low,Low
25,24.7,0,0,0,0,High,Low
30,24.7,0,0,0,0,Normal,Low
23,23.9,0,0,0,0,Normal,Low
32,23.9,0,0,0,0,Normal,Low
42,23.9,0,0,0,0,Normal,Low
23,23.9,0,0,0,0,Normal,Low
15,23.9,0,0,0,0,Normal,Low
15,21.6,0,0,0,0,Normal,Low
25,21.6,0,0,0,0,Low,Low
22,21.6,0,0,0,0,High,Low
35,21.6,0,0,0,0,Low,Low
19,21.6,0,0,0,0,Low,Low
25,21.6,0,0,0,0,Low,Low
48,21.6,0,0,1,0,High,Low
25,21.6,0,0,1,0,High,Low
19,19.2,0,0,0,0,Normal,Low
23,30,0,0,1,1,High,High
34,25,1,1,0,1,High,High
50,29,1,1,1,1,High,High
25,18,0,0,1,0,High,High
42,26,1,1,1,1,High,High
32,25,1,0,1,0,Normal,High
50,28,0,1,1,0,Low,High
38,30.7,0,0,0,0,High,High
39,29.9,0,1,0,1,High,High
30,25.1,1,1,1,1,Normal,High
63,26.9,0,1,1,1,High,High
25,27.3,1,0,1,0,High,High
30,30,0,0,0,0,Normal,High
55,26,0,1,1,1,High,High
32,31,0,0,1,0,Normal,High
30,29,0,1,1,1,Normal,High
48,28,0,1,0,1,High,High
49,27,0,1,1,1,High,High
25,26,0,0,1,0,Normal,High
55,25,0,0,0,0,High,Low
25,26,0,0,0,0,Normal,Low
35,27,0,0,0,0,High,Low
21,28,0,0,0,0,Normal,Low
18,29,0,0,0,0,Normal,Low
21,28,0,0,0,0,Normal,Low
16,27,0,0,0,0,High,Low
19,26,0,0,0,0,Low,Low
28,25,0,0,0,0,High,Low
50,25.6,0,0,0,0,Normal,Low
19,25.7,0,1,0,0,High,Low
30,25.8,0,0,0,0,Normal,Low
31,26,0,0,0,0,Normal,Low
23,25,0,0,0,0,Normal,Low
29,27,0,0,0,0,Normal,Low
32,25,0,0,0,0,Normal,Low
42,28,0,0,0,0,Normal,Low
23,29,0,1,0,0,Normal,Low
19,28,0,0,0,0,Normal,Low
15,18,0,0,0,0,Normal,Low
20,18,0,0,0,0,Normal,Low
48,17,1,1,0,1,High,High
15,18,0,0,0,0,Normal,Low
25,18.4,0,0,0,0,Low,Low
22,24.7,0,0,0,0,High,Low
12,25,0,0,0,0,Low,Low
35,26,0,0,0,0,Normal,Low
19,18,0,0,0,0,Low,High
60,29,0,0,0,0,Normal,Low
23,25,0,0,0,0,Normal,Low
33,20,0,0,1,0,Normal,Low
22,21,0,0,0,0,High,Low
32,22,0,0,0,0,Low,Low
35,23,0,0,0,0,Normal,Low
19,24,0,0,0,0,Low,Low
60,24,0,0,0,0,Normal,Low
50,27.7,0,1,1,0,High,High
27,24.4,0,0,0,0,Low,Low
55,24.4,0,0,0,0,High,Low
12,24.4,0,0,0,0,High,Low
60,24.4,0,0,0,0,Normal,Low
25,24.4,0,0,0,0,Low,Low
22,24.4,0,0,0,0,Normal,Low
30,24.4,0,0,0,0,Normal,Low
35,24.4,0,0,0,0,Normal,Low
23,24.4,0,0,1,0,Normal,Low
43,25.9,1,1,1,1,Low,High
19,20,0,0,0,0,Normal,Low
30,23,0,0,0,0,Normal,Low
32,21,0,0,0,0,Normal,Low
23,24,0,0,1,0,Normal,Low
42,26.8,0,1,1,0,High,High
19,20,0,0,0,0,Normal,Low
31,21,0,0,0,0,Normal,Low
19,22,0,0,0,0,Normal,Low
25,23,0,0,0,0,Low,Low
31,24,0,0,0,0,Normal,Low
23,24.5,0,0,0,0,Normal,Low
29,24.1,0,0,1,0,Normal,Low
48,29,1,1,0,1,High,High
18,18.9,0,0,0,0,Normal,Low
18,18.9,0,0,0,0,Normal,Low
29,18.9,0,0,0,0,Normal,Low
23,18.9,0,0,0,0,Normal,Low
15,18.9,0,0,0,0,Normal,Low
30,18.9,0,0,0,0,Normal,Low
40,18.9,0,0,0,0,Normal,Low
60,27.8,0,1,1,0,Low,High
50,26.7,0,1,1,0,High,High
28,19,0,0,0,0,Normal,Low
31,20,0,0,0,0,Normal,Low
23,21,0,0,0,0,Normal,Low
29,22,0,0,1,0,Normal,Low
22,23,0,0,0,0,Normal,Low
49,24,0,0,0,0,Normal,Low
28,23,0,0,0,0,Normal,Low
12,22,0,0,0,0,Low,Low
20,23,0,0,0,0,Normal,Low
23,20,0,0,0,0,Normal,Low
22,19,0,0,0,0,Normal,Low
21,20,0,0,0,0,Normal,Low
60,21,0,0,0,0,Normal,Low
50,26,1,1,1,0,High,High
17,30,0,0,1,0,Normal,High
29,19,0,0,1,0,Normal,Low
19,20,0,0,0,0,Normal,Low
19,21,0,0,0,0,Low,High
30,22,0,0,0,0,Normal,Low
28,27,1,1,1,0,High,High
50,24,0,0,1,0,Normal,Low
39,23,0,0,0,0,High,Low
29,22,0,0,1,0,Normal,Low
17,21,0,0,0,0,Normal,Low
32,20,0,0,0,0,Normal,Low
42,19,0,0,0,0,Normal,Low
36,18.6,0,0,0,0,Normal,Low
30,18.7,0,0,0,0,Normal,Low
15,18.8,0,0,0,0,Normal,Low
10,18.9,0,0,0,0,Normal,Low
12,19,0,0,0,0,Normal,Low
12,24,0,1,0,0,Normal,Low
23,23,0,0,1,0,Normal,Low
32,20,0,0,0,0,Normal,Low
19,22,0,0,0,0,Normal,Low
20,21,0,0,0,0,Normal,Low
48,19,0,0,0,0,Normal,Low
30,24,0,0,0,0,Normal,Low
18,20,0,0,0,0,Normal,Low
17,23,0,0,0,0,Normal,Low
17,22,0,0,0,0,Normal,Low
25,21,0,0,0,0,High,Low
17,19,0,0,0,0,Normal,Low
13,22,0,0,0,0,High,Low
31,19,0,0,0,0,Normal,Low
29,18,0,0,0,0,Normal,Low
19,20,0,0,0,0,Normal,Low
28,22,0,0,0,0,Normal,Low
50,21,0,0,1,0,Normal,Low
29,22.3,0,0,0,0,High,Low
31,24.5,0,0,0,0,Normal,Low
29,23.6,0,0,1,0,Normal,Low
17,16.8,0,0,0,0,High,High
19,19,0,0,0,0,Normal,Low
20,24,0,0,0,0,Normal,Low
32,23,0,0,0,0,Normal,Low
27,20,0,1,0,0,Normal,Low
27,22,0,0,0,0,Normal,Low
32,21,0,0,0,0,Normal,Low
23,24,0,0,0,0,Normal,Low
15,19,0,0,0,0,Normal,Low
15,23,0,0,0,0,Normal,Low
29,18.6,0,0,0,0,High,Low
35,20,0,0,0,0,Normal,Low
32,22,0,0,0,0,Normal,Low
23,21,0,0,0,0,Normal,Low
15,21,0,0,0,0,Normal,Low
20,21,0,0,0,0,Normal,Low
48,21,0,0,0,0,Normal,Low
15,24.4,0,0,0,0,Normal,Low
30,24.4,0,0,0,0,Normal,Low
18,24.4,0,0,0,0,Normal,Low
17,24.4,0,0,0,0,Normal,Low
15,24.4,0,0,0,0,Normal,Low
19,24.4,0,0,0,0,Normal,Low
48,27.9,1,1,0,1,High,High
15,23.4,0,0,0,0,Normal,Low
22,23.4,0,0,0,0,High,Low
35,23.4,0,0,0,0,Low,Low
19,23.4,0,0,0,0,Low,Low
60,23.4,0,0,0,0,Normal,Low
50,22,0,0,0,0,Normal,Low
42,21,0,0,0,0,Normal,Low
23,24,0,0,0,0,Normal,Low
19,23,0,0,0,0,Normal,Low
15,21,0,1,0,0,Normal,Low
16,20,0,0,0,0,Normal,Low
15,20,0,0,0,0,Normal,Low
17,22.5,0,0,0,0,Normal,Low
17,23,0,0,0,0,Normal,Low
17,19,0,0,0,0,Normal,Low
25,20,0,0,0,0,Normal,Low
17,21,0,0,0,0,Normal,Low
19,22,0,0,0,0,Normal,Low
15,23,0,0,0,0,High,Low
60,24,0,0,0,0,Normal,Low
50,23,0,0,0,0,Normal,Low
19,22,0,0,0,0,High,Low
31,21,0,0,0,0,Normal,Low
23,20,0,0,0,0,Normal,Low
17,19,0,0,0,0,Low,Low
32,20,0,0,0,0,Normal,Low
42,21,0,0,0,0,Normal,Low
42,22,1,0,0,0,Normal,Low
19,23,0,0,0,0,Normal,Low
15,24,0,0,0,0,Normal,Low
16,23,0,0,0,0,Normal,Low
16,22,0,0,0,0,High,Low
19,21,0,0,0,0,Low,Low
22,20,0,0,0,0,Normal,Low
49,19,0,0,0,0,Normal,Low
12,21,0,0,0,0,Low,Low
20,22,1,1,0,0,Normal,Low
23,23,0,0,0,0,Normal,Low
22,24,0,0,0,0,Normal,Low
21,22,1,1,0,0,Low,Low
12,21,0,0,0,0,Low,Low
60,19,0,0,0,0,Normal,Low
55,20,0,0,0,0,Low,Low
45,21,0,0,0,0,Low,Low
35,22,0,0,0,0,Low,Low
22,23,0,0,0,0,Normal,Low
24,24,0,0,0,0,Normal,Low
17,24,0,0,0,0,Normal,Low
24,23,0,0,0,0,Normal,Low
23,22,1,1,0,0,Normal,Low
19,21,0,0,0,0,Normal,Low
32,20,0,0,0,0,Normal,Low
42,19,0,0,0,0,Normal,Low
25,31,1,0,1,0,High,High
40,27.2,1,1,1,1,High,High
32,32.3,1,0,1,0,High,High
24,33,1,0,0,0,Low,High
37,26,1,1,0,1,High,High
17,16.8,0,0,0,0,Normal,High
40,26.8,0,1,0,1,High,High
40,26.6,0,1,1,1,High,High
32,28.9,0,1,1,1,High,High
35,26,0,1,1,1,Low,High
54,25.7,1,1,1,1,Low,High
40,25.9,0,1,0,1,High,High
45,28,0,1,1,1,Low,High
55,29.8,0,1,1,1,Normal,High
50,26.3,0,1,1,0,Normal,High
17,26.4,0,0,0,0,Normal,High
28,34,1,0,0,0,High,High
50,29,1,1,1,1,Normal,High
17,17.2,0,0,0,0,High,High
33,28.1,1,1,0,1,High,High
48,28.7,0,1,0,1,High,High
50,29.5,1,1,1,1,Low,High
30,26,0,1,1,1,Normal,High
29,33,0,0,0,0,Normal,High
48,28.7,0,1,0,1,High,High
50,29.6,1,1,1,1,Normal,High
25,30.1,1,0,1,0,High,High
55,29.7,0,1,1,0,Normal,High
40,27,1,1,1,1,High,High
28,33.4,1,0,0,0,Normal,High
32,31.9,0,0,1,0,Normal,High
17,17.5,0,0,0,0,Normal,High
17,18,0,1,0,0,Normal,High
25,26,1,1,0,1,High,High
17,18.1,0,0,0,0,Normal,High
19,30.4,0,0,0,0,Normal,High
37,25.9,1,1,0,1,High,High
17,18,0,0,0,0,Normal,High
25,26.8,0,1,0,1,High,High
40,27,1,1,1,0,High,High
32,28,0,1,1,1,High,High
22,30.3,0,0,0,0,Low,High
35,28.4,1,1,1,1,High,High
54,29.8,0,1,1,1,Low,High
40,29.7,1,1,0,1,High,High
21,26.7,0,1,0,0,Low,High
60,29,1,1,1,1,Low,High
55,28.5,0,1,1,1,Normal,High
50,29.1,0,1,1,0,Normal,High
23,27.6,0,1,0,0,High,High
17,30,0,0,0,0,Normal,High
40,32,1,0,0,0,Normal,High
48,28,1,1,0,1,High,High
22,32,0,0,0,0,High,High
55,29.7,0,1,1,0,Low,High
35,25.7,0,1,0,1,High,High
43,27.3,1,1,0,1,High,High
23,23,0,0,0,0,Normal,Low
32,26.8,1,1,0,1,High,High
20,22,0,0,0,0,Normal,Low
20,23,0,0,0,0,Normal,Low
22,21,0,0,0,0,Normal,Low
26,20,0,0,0,0,Normal,Low
22,21,0,0,0,0,Normal,Low
21,26,0,1,0,0,High,High
25,19,0,0,0,0,Normal,Low
20,21,0,0,0,0,Normal,Low
32,22,0,0,0,0,Normal,Low
23,23,0,0,0,0,Normal,Low
18,24,0,0,0,0,Normal,Low
21,20,0,0,0,0,Normal,Low
25,21,0,0,0,0,Normal,Low
21,22.9,0,0,0,0,Normal,Low
43,27.3,1,0,1,1,High,High
19,18.5,0,0,0,0,Normal,Low
27,18.6,0,0,0,0,Normal,Low
18,18.7,0,0,0,0,Normal,Low
20,18.8,0,0,0,0,Low,Low
23,18.9,0,0,0,0,Normal,Low
18,19,0,0,0,0,Normal,Low
29,19.1,0,0,0,0,Normal,Low
23,19.2,0,0,0,0,Normal,Low
31,19.3,0,0,0,0,Normal,Low
25,26.1,1,1,1,1,High,High
29,19.4,0,0,0,0,Normal,Low
28,19.5,0,0,0,0,Normal,Low
22,19.6,0,0,0,0,Normal,Low
25,19.7,0,0,0,0,Normal,Low
17,19.8,0,0,0,0,Normal,Low
28,19.9,0,0,0,0,Normal,Low
24,0,0,1,0,0,Normal,Low
19,20.1,0,0,1,0,Normal,Low
31,26.2,1,1,1,1,High,High
40,27.2,1,1,1,1,High,High
21,21.8,0,0,0,0,Normal,Low
18,23,0,0,1,0,Normal,Low
17,22.4,0,0,0,0,Normal,Low
35,22.5,0,0,0,0,Low,Low
32,22.7,0,0,0,0,Normal,Low
26,22.8,0,0,1,0,Normal,Low
19,22.9,0,0,1,0,Normal,Low
22,23,0,0,1,0,Normal,Low
18,21.9,0,0,0,0,Normal,Low
21,21.8,0,0,0,0,Normal,Low
37,28.2,1,1,0,1,High,High
29,21.7,0,0,0,0,Normal,Low
36,29.7,0,1,1,1,Low,High
39,28.9,1,1,1,1,High,High
33,27.8,0,1,1,1,High,High
35,26.7,0,1,1,1,High,High
39,25.6,1,1,1,1,High,High
49,29.5,1,1,1,1,High,High
25,20,0,0,0,0,Normal,Low
21,21,0,0,0,0,Normal,Low
19,22,0,0,0,0,Normal,Low
27,24,0,0,0,0,Normal,Low
28,19,0,0,0,0,Normal,Low
23,25.6,1,1,1,1,High,High
34,37,1,0,1,0,High,High
33,27.1,1,1,1,1,High,High
28,35.1,1,0,1,0,Low,High
26,20,0,0,0,0,Normal,Low
33,21,0,0,0,0,Normal,Low
27,22,0,0,0,0,Normal,Low
31,23,0,0,0,0,Normal,Low
29,24,0,0,0,0,Normal,Low
30,18.7,0,0,0,0,Normal,Low
25,26,1,1,0,0,Low,High
34,27,1,1,1,1,High,High
36,26.3,1,1,1,1,High,High
19,27.1,1,0,0,0,High,High
24,19.9,0,0,0,0,Normal,Low
23,17.9,1,1,1,1,High,High
33,33,1,1,1,1,High,High
23,24.6,1,1,1,0,High,High
40,36,1,1,0,1,High,High
34,25,1,1,0,1,High,High
27,26,1,1,0,1,High,High
33,29.9,1,1,0,1,High,High
34,30,1,1,1,1,High,High
24,17.8,1,1,0,0,Normal,High
29,25,1,1,0,1,Normal,High
25,26,1,1,0,0,Normal,High
16,15,0,0,1,0,Low,High
25,17,1,0,1,0,Low,High
19,17,1,0,0,0,Low,High
21,17.7,1,0,0,0,High,High
27,26.6,1,0,0,0,High,High
24,24,1,0,0,0,High,High
27,27,1,0,0,0,High,High
19,17.9,1,0,0,0,High,High
37,33,1,0,0,1,Normal,High
17,15.6,0,0,0,0,Normal,High
42,36,0,0,0,1,Normal,High
19,17,1,0,0,0,Normal,High
29,24.5,1,0,0,0,Normal,High
32,27.7,1,0,0,1,High,High
25,17.8,1,0,0,0,High,High
22,16,1,0,0,0,High,High
32,25.9,1,0,0,1,High,High
33,31,1,0,0,0,High,High
22,23,1,0,0,0,High,High
26,24.1,1,0,0,0,High,High
26,24.5,1,0,0,0,High,High
33,24.5,1,0,0,0,Normal,High
18,24.5,1,0,0,0,Low,High
21,24.5,1,0,0,0,Low,High
39,32,1,0,0,0,Normal,High
28,30,1,0,0,0,High,High
22,17.6,1,1,0,0,High,High
20,15.5,1,1,0,0,High,High
22,16,1,1,0,0,High,High
24,17,1,1,0,0,High,High
22,17,1,1,0,0,High,High
21,17,1,1,0,0,Low,High
21,17,1,1,0,0,Low,High
44,35,1,1,0,1,Normal,High
45,35,1,1,0,1,Normal,High
37,35,0,1,0,0,High,High
25,24.4,0,1,0,0,High,High
26,24.4,0,1,0,0,High,High
23,24.4,0,1,0,0,High,High
32,24.4,0,1,0,1,High,High
27,24.4,0,1,0,0,High,High
29,24.4,0,1,0,0,High,High
28,24.4,0,1,0,0,High,High
19,16.6,0,1,0,0,Normal,High
19,17,0,1,0,0,Normal,High
32,26,0,1,0,1,High,High
35,31,1,1,1,1,Normal,High
30,30,0,1,1,1,High,High
22,17,0,1,1,0,High,High
24,24,0,1,0,0,Low,High
20,23,0,1,0,0,Normal,High
17,15.9,0,1,0,0,High,High
30,25.3,0,1,0,1,High,High
27,17,0,1,0,0,High,High
31,25,1,1,0,1,High,High
21,24.4,0,1,0,0,Normal,High
25,24.4,1,1,1,0,High,High
45,34,0,1,1,1,High,High
41,34.5,0,1,0,1,High,High
29,26,1,1,0,1,High,High
25,24.9,0,1,1,0,High,High
20,17.9,0,0,1,0,High,High
37,32,0,0,0,1,Normal,High
29,27,0,0,1,0,Normal,High
30,30,0,0,0,1,Low,High
17,17,1,0,0,0,Low,High
33,27.6,0,0,0,1,Low,High
49,37,0,0,0,1,Low,High
29,28,0,0,1,0,Normal,High
30,25.1,1,0,1,1,Normal,High
27,25.7,1,0,0,0,Normal,High
25,24.9,1,0,0,1,High,High
21,24.1,0,0,1,0,Normal,High
25,24.7,0,0,1,0,High,High
35,31,1,0,1,0,High,High
40,33,1,0,1,1,High,High
28,27.9,1,0,0,1,High,High
22,24.4,1,0,1,0,High,High
27,24.8,1,0,0,1,Normal,High
29,27.5,1,1,0,0,Normal,High
18,17.2,1,1,0,0,High,High
21,17.8,0,1,0,0,High,High
39,29,0,1,0,1,High,High
27,28,1,0,0,1,Normal,High
25,24.4,1,0,0,0,Normal,High
27,25.2,1,0,0,0,Normal,High
30,27.2,1,1,1,1,Normal,High
32,26,1,0,1,1,High,High
21,16.9,1,1,0,0,High,High
35,31.1,1,0,1,1,High,High
34,28.3,1,1,1,1,High,High
18,17,0,1,0,1,High,High
20,17.7,0,1,0,1,High,High
22,17.5,0,1,1,0,High,High
25,23,0,1,0,0,High,High
24,24,0,1,0,1,High,High
28,23,0,1,1,1,High,High
29,24,0,1,1,1,High,High
31,24.1,0,1,0,1,High,High
21,24.1,0,1,1,0,High,High
22,24.1,0,1,0,0,High,High
21,24.1,0,1,0,0,High,High
20,24.1,0,1,0,0,High,High
17,24.1,0,1,0,0,High,High
19,24.1,0,1,0,0,High,High
22,24.1,0,1,0,0,High,High
31,24.1,0,1,0,1,High,High
29,24.5,0,1,1,1,High,High
28,24.5,0,1,1,1,Normal,High
24,24.5,0,1,1,0,Normal,High
21,24.5,0,1,0,0,Normal,High
20,24.5,0,1,0,0,Normal,High
26,24.5,0,1,0,1,Normal,High
28,24.5,1,1,0,1,High,High
33,24.5,1,1,0,1,High,High
31,17.1,0,1,0,1,High,High
32,17.1,0,1,0,1,High,High
29,18.1,0,1,0,1,High,High
27,17.8,0,1,0,0,High,High
22,17.8,0,1,0,0,High,High
24,17.8,0,1,0,0,High,High
20,17.8,0,1,0,0,High,High
21,17.8,0,1,0,0,High,High
28,17.8,0,1,1,0,High,High
30,17.8,0,1,0,1,High,High
39,17.8,0,1,0,1,High,High
