age,pre_pregnancy_bmi,gestational_age_weeks,blood_pressure_systolic,blood_pressure_diastolic,hemoglobin_level,number_of_prenatal_visits,has_diabetes,has_hypertension,education_level,iron_supplementation,birth_weight_category
38,23.6,38,108,66,10.81,1,NO,NO,Primary,0,Normal
29,21.89,35,147,95,12.02,10,YES,NO,Primary,1,Normal
35,28.9,40,113,70,10.41,1,NO,YES,Primary,1,Low
27,32.0,36,104,87,11.77,2,NO,NO,Higher,1,Normal
23,16.89,35,107,76,10.7,11,NO,NO,None,1,Normal
28,16.05,38,108,70,13.41,10,YES,NO,Primary,1,Low
19,22.82,38,117,72,8.72,2,YES,NO,Higher,1,Low
28,21.05,35,132,76,11.69,6,YES,YES,Secondary,1,Low
25,21.11,37,137,83,8.98,9,NO,NO,Secondary,1,Normal
27,26.66,37,124,95,11.0,5,NO,YES,Secondary,0,Normal
39,24.54,39,149,92,12.61,4,YES,YES,Secondary,1,Normal
42,22.62,39,125,91,9.78,11,NO,YES,Higher,1,Normal
18,28.88,38,156,64,10.1,1,NO,NO,Higher,1,Normal
29,22.7,35,120,78,12.49,1,NO,NO,Higher,1,Normal
23,31.16,39,103,89,11.71,6,NO,NO,Secondary,1,Normal
28,29.38,40,100,88,11.1,5,NO,NO,Secondary,0,Normal
44,36.69,38,120,62,12.21,10,NO,YES,Secondary,1,Normal
36,28.24,35,130,76,11.21,0,NO,NO,Secondary,1,Low
21,28.7,39,130,95,13.2,4,NO,NO,None,1,Normal
39,28.98,35,111,97,13.82,8,NO,NO,None,1,Normal
34,34.44,36,128,73,10.99,10,NO,YES,Secondary,1,Low
32,28.7,39,136,92,11.2,2,NO,NO,Higher,1,Normal
42,21.97,40,120,68,11.21,2,NO,NO,Secondary,0,Normal
23,25.27,40,129,69,9.42,10,NO,NO,Higher,1,Normal
31,29.69,37,154,79,11.3,1,NO,NO,Secondary,0,Normal
35,29.43,38,126,63,10.8,1,NO,NO,None,1,Normal
20,20.31,38,149,84,12.08,11,YES,NO,Secondary,0,Normal
28,21.05,35,131,76,11.7,6,YES,YES,Secondary,1,Low
20,28.72,39,130,95,13.22,4,NO,NO,None,1,Normal
28,21.88,35,147,95,12.01,10,YES,NO,Primary,1,Normal
25,20.63,37,151,95,11.3,11,YES,NO,Primary,1,Normal
41,24.85,39,154,81,10.17,9,NO,NO,Primary,0,Normal
34,37.7,35,119,91,9.31,11,NO,NO,Secondary,1,Normal
27,26.44,39,137,60,12.71,2,NO,NO,Higher,1,Normal
33,25.43,35,119,71,12.13,1,NO,NO,Secondary,1,Low
24,23.19,36,135,65,11.49,10,NO,YES,Secondary,1,Normal
43,23.31,35,109,63,12.22,7,YES,NO,Secondary,1,Normal
34,27.83,39,109,85,9.91,9,YES,NO,Primary,1,Normal
40,23.37,36,153,83,9.69,2,YES,NO,Higher,0,Low
29,20.98,35,132,76,11.69,6,YES,YES,Secondary,1,Low
40,32.83,40,132,60,12.04,11,NO,YES,Secondary,1,Normal
19,26.89,35,115,68,13.4,4,NO,YES,Primary,1,Normal
30,22.7,38,122,64,14.01,7,NO,NO,Secondary,1,Normal
38,27.16,36,153,79,11.78,9,NO,YES,Secondary,1,Normal
20,29.1,40,146,72,10.5,9,YES,NO,Higher,0,Normal
35,20.22,37,106,95,8.3,2,NO,NO,Secondary,1,Low
41,22.66,39,125,92,9.79,11,NO,YES,Higher,1,Normal
30,28.18,37,110,92,9.7,1,NO,NO,Higher,1,Normal
24,36.99,39,111,66,9.79,1,NO,YES,Secondary,1,Low
42,22.39,39,137,96,10.31,2,NO,YES,None,0,Low
25,31.2,35,138,67,12.7,10,NO,NO,Primary,1,Normal
36,27.09,38,104,65,12.97,4,NO,YES,Higher,1,Normal
42,27.14,38,126,96,10.89,7,NO,NO,None,1,Normal
40,14.95,35,157,72,12.69,1,NO,YES,Secondary,1,Low
32,26.78,39,103,97,11.12,10,NO,NO,Higher,1,Normal
42,18.46,40,123,72,11.68,10,NO,NO,Secondary,1,Normal
40,14.91,35,157,72,12.69,1,NO,YES,Secondary,1,Low
38,16.55,35,154,72,10.91,1,NO,NO,Secondary,1,Low
26,20.6,37,151,95,11.31,11,YES,NO,Primary,1,Normal
19,27.61,38,136,80,13.01,8,YES,NO,None,1,Normal
31,38.63,36,128,69,11.41,6,NO,NO,Higher,1,Normal
25,24.09,37,107,79,12.11,6,YES,NO,Primary,1,Normal
18,31.56,39,150,62,11.52,10,NO,NO,Primary,1,Normal
22,18.47,38,156,76,10.2,6,NO,NO,Higher,1,Normal
20,27.68,38,152,81,11.09,4,NO,YES,Higher,1,Normal
27,25.34,38,139,88,12.32,3,NO,NO,Secondary,0,Low
29,22.69,35,119,78,12.5,1,NO,NO,Higher,1,Normal
22,22.97,35,125,93,12.18,11,NO,NO,Higher,1,Normal
34,25.06,36,123,60,11.09,1,NO,NO,Secondary,1,Normal
39,29.92,39,146,85,11.32,9,NO,NO,Higher,1,Normal
32,28.66,39,136,91,11.19,2,NO,NO,Higher,1,Normal
27,20.3,38,143,84,9.5,6,NO,NO,Higher,1,Normal
44,23.18,36,146,63,11.7,6,NO,NO,Secondary,1,Normal
34,32.01,38,140,81,11.39,4,NO,NO,None,1,Normal
34,37.66,35,120,91,9.29,11,NO,NO,Secondary,1,Normal
38,24.99,35,121,84,12.01,7,NO,NO,Primary,1,Normal
44,20.62,40,100,84,14.51,0,NO,NO,Primary,1,Normal
38,25.07,35,120,84,11.99,7,NO,NO,Primary,1,Normal
22,18.49,38,157,76,10.2,6,NO,NO,Higher,1,Normal
24,24.75,36,156,63,10.59,2,NO,YES,Primary,0,Low
21,30.15,39,108,92,12.5,4,NO,NO,Secondary,1,Normal
25,29.23,36,148,83,12.29,3,NO,YES,Higher,1,Low
29,29.32,40,100,88,11.1,5,NO,NO,Secondary,0,Normal
37,23.51,38,109,66,10.82,1,NO,NO,Primary,0,Normal
32,30.17,38,101,60,11.81,0,YES,NO,Secondary,1,Normal
43,18.35,40,124,73,11.7,10,NO,NO,Secondary,1,Normal
19,29.08,40,147,73,10.51,9,YES,NO,Higher,0,Normal
42,23.28,35,109,63,12.19,7,YES,NO,Secondary,1,Normal
44,36.68,38,119,62,12.21,10,NO,YES,Secondary,1,Normal
24,24.28,40,122,78,10.19,10,NO,YES,Primary,1,Normal
28,25.01,38,115,68,12.47,4,NO,YES,Secondary,0,Normal
28,25.38,39,143,91,11.37,0,YES,NO,Secondary,1,Normal
37,24.98,35,145,62,14.69,6,NO,NO,None,1,Normal
31,32.65,38,103,98,9.91,8,NO,YES,Higher,0,Low
41,20.43,35,150,72,13.51,2,NO,NO,Higher,1,Normal
20,32.2,40,159,67,14.07,9,NO,YES,Secondary,0,Normal
37,23.22,35,109,85,11.82,7,NO,NO,Higher,1,Normal
42,18.37,40,124,73,11.7,10,NO,NO,Secondary,1,Normal
24,31.16,39,102,89,11.7,6,NO,NO,Secondary,1,Normal
36,28.12,38,152,67,9.72,8,NO,YES,Primary,1,Normal
24,14.91,36,118,60,9.4,10,NO,NO,Primary,0,Low
42,23.31,38,112,81,10.32,5,NO,NO,Secondary,1,Normal
34,20.19,37,106,94,8.3,2,NO,NO,Secondary,1,Low
27,26.54,39,137,60,12.71,2,NO,NO,Higher,1,Normal
18,21.25,37,115,73,11.6,0,NO,NO,None,1,Normal
31,20.24,39,115,64,11.6,3,NO,NO,Secondary,0,Normal
31,33.53,35,105,83,12.81,3,NO,NO,Higher,1,Normal
30,21.31,35,131,96,13.91,4,NO,NO,Secondary,0,Low
35,27.01,38,104,65,12.99,4,NO,YES,Higher,1,Normal
42,17.53,37,128,94,12.2,1,NO,NO,Higher,1,Normal
32,33.84,38,137,72,13.59,8,NO,NO,Secondary,1,Normal
28,21.02,35,131,75,11.7,6,YES,YES,Secondary,1,Low
22,30.19,38,146,80,12.21,7,NO,NO,Primary,1,Normal
37,24.93,35,120,84,11.99,7,NO,NO,Primary,1,Normal
36,20.73,35,143,88,11.7,1,YES,YES,Higher,0,Low
39,24.48,39,107,85,12.6,1,YES,NO,Primary,1,Normal
28,22.08,38,119,96,13.58,4,NO,NO,Primary,0,Normal
23,31.41,35,133,86,11.71,1,NO,NO,Secondary,1,Normal
25,29.21,36,148,82,12.3,3,NO,YES,Higher,1,Low
33,25.38,37,128,67,11.5,0,NO,YES,Primary,1,Normal
40,22.04,37,155,98,10.82,8,NO,NO,Primary,0,Normal
27,31.07,36,143,61,12.12,4,NO,NO,Secondary,1,Normal
27,34.2,37,101,90,11.08,8,YES,NO,Higher,0,Normal
31,32.68,38,103,98,9.91,8,NO,YES,Higher,0,Low
18,31.4,39,150,62,11.52,10,NO,NO,Primary,1,Normal
29,22.7,38,141,64,11.6,9,YES,NO,Primary,1,Normal
21,18.5,38,157,75,10.18,6,NO,NO,Higher,1,Normal
33,31.52,37,127,98,10.21,5,YES,YES,Secondary,1,Low
24,31.16,39,102,88,11.7,6,NO,NO,Secondary,1,Normal
19,26.76,35,115,67,13.41,4,NO,YES,Primary,1,Normal
34,25.05,36,122,60,11.09,1,NO,NO,Secondary,1,Normal
24,16.88,35,106,77,10.68,11,NO,NO,None,1,Normal
38,23.57,38,109,66,10.78,1,NO,NO,Primary,0,Normal
18,25.07,39,110,88,13.11,2,NO,NO,Secondary,1,Normal
25,24.77,36,156,63,10.59,2,NO,YES,Primary,0,Low
24,21.25,37,138,82,9.0,9,NO,NO,Secondary,1,Normal
42,30.34,38,117,65,13.12,1,NO,NO,Secondary,0,Normal
39,25.76,35,158,62,12.09,9,NO,NO,Secondary,0,Normal
19,27.75,38,152,80,11.1,4,NO,YES,Higher,1,Normal
25,24.85,40,154,63,10.89,5,NO,NO,Higher,1,Normal
32,30.17,38,100,60,11.8,0,YES,NO,Secondary,1,Normal
42,31.91,40,132,97,11.6,3,NO,NO,None,1,Normal
24,24.91,36,156,63,10.61,2,NO,YES,Primary,0,Low
19,28.89,38,156,65,10.09,1,NO,NO,Higher,1,Normal
18,27.38,40,148,81,11.32,3,NO,NO,Primary,1,Normal
28,31.99,37,132,60,8.91,10,NO,NO,Primary,1,Normal
23,31.36,39,149,89,11.09,7,NO,NO,Higher,1,Normal
43,23.43,38,112,80,10.3,5,NO,NO,Secondary,1,Normal
18,22.85,35,159,92,10.29,9,NO,NO,Higher,1,Normal
23,24.26,40,122,98,11.2,7,NO,NO,Higher,0,Normal
26,31.31,35,139,66,12.7,10,NO,NO,Primary,1,Normal
36,24.92,40,130,92,12.11,5,NO,NO,Secondary,0,Normal
32,11.7,39,146,84,13.02,3,NO,NO,Higher,1,Normal
36,28.12,35,130,77,11.19,0,NO,NO,Secondary,1,Low
42,17.84,39,145,64,10.49,7,NO,NO,Primary,1,Normal
18,22.71,39,155,61,13.0,5,NO,NO,Primary,0,Normal
43,31.94,35,133,85,12.39,0,NO,NO,Higher,0,Low
29,21.34,35,131,97,13.9,4,NO,NO,Secondary,0,Low
36,27.01,38,105,65,13.0,4,NO,YES,Higher,1,Normal
19,28.79,38,157,65,10.11,1,NO,NO,Higher,1,Normal
43,27.21,38,126,95,10.9,7,NO,NO,None,1,Normal
34,31.68,37,127,98,10.19,5,YES,YES,Secondary,1,Low
36,26.33,39,132,78,11.5,8,NO,NO,Secondary,1,Normal
34,18.24,39,149,74,12.5,2,NO,NO,Secondary,1,Normal
20,28.71,39,130,96,13.19,4,NO,NO,None,1,Normal
18,28.81,37,157,95,11.8,11,NO,NO,Higher,1,Normal
30,31.84,38,116,95,12.78,10,NO,NO,Higher,1,Normal
37,23.56,36,104,75,12.5,0,YES,NO,Primary,1,Low
30,26.63,35,114,84,11.49,7,NO,NO,Higher,0,Normal
20,27.2,37,149,93,10.42,7,NO,NO,Secondary,1,Normal
23,20.72,38,108,89,12.41,11,NO,NO,Primary,1,Normal
41,30.32,38,117,65,13.11,1,NO,NO,Secondary,0,Normal
20,27.28,37,149,93,10.39,7,NO,NO,Secondary,1,Normal
21,19.62,37,131,82,11.69,10,NO,NO,Primary,1,Normal
22,26.22,39,149,73,10.01,4,NO,NO,Secondary,0,Normal
24,29.59,40,150,72,9.41,11,NO,NO,Secondary,0,Normal
35,18.54,37,102,92,11.41,9,NO,YES,Secondary,1,Normal
43,23.32,35,110,62,12.2,7,YES,NO,Secondary,1,Normal
28,25.31,39,143,92,11.4,0,YES,NO,Secondary,1,Normal
38,31.0,38,100,65,11.3,7,YES,NO,Primary,1,Normal
29,35.58,39,112,87,11.2,0,NO,NO,Secondary,0,Normal
30,21.2,35,130,97,13.89,4,NO,NO,Secondary,0,Low
31,30.23,38,101,60,11.79,0,YES,NO,Secondary,1,Normal
25,24.87,36,155,63,10.6,2,NO,YES,Primary,0,Low
37,24.88,40,130,91,12.1,5,NO,NO,Secondary,0,Normal
21,33.3,38,130,85,11.72,5,NO,NO,Secondary,0,Normal
40,23.2,39,104,61,8.7,8,YES,NO,Higher,1,Normal
26,29.41,37,114,64,12.4,8,NO,NO,Secondary,1,Normal
35,26.31,39,132,78,11.5,8,NO,NO,Secondary,1,Normal
42,21.07,40,148,69,9.88,9,NO,YES,Higher,1,Normal
29,18.51,38,119,73,12.87,9,NO,YES,Higher,1,Normal
39,25.63,35,158,62,12.12,9,NO,NO,Secondary,0,Normal
28,16.11,38,109,69,13.39,10,YES,NO,Primary,1,Low
42,21.1,40,147,69,9.9,9,NO,YES,Higher,1,Normal
23,31.24,35,133,86,11.7,1,NO,NO,Secondary,1,Normal
32,17.93,36,158,85,10.7,8,NO,NO,Primary,1,Normal
31,22.71,38,121,63,13.99,7,NO,NO,Secondary,1,Normal
31,25.87,40,139,68,11.39,10,NO,NO,Higher,1,Normal
31,11.7,39,145,84,13.0,3,NO,NO,Higher,1,Normal
43,23.23,36,146,63,11.71,6,NO,NO,Secondary,1,Normal
43,21.08,40,147,68,9.91,9,NO,YES,Higher,1,Normal
27,29.71,36,152,87,11.19,8,NO,NO,Secondary,1,Normal
26,23.91,37,108,80,12.11,6,YES,NO,Primary,1,Normal
41,32.88,40,133,60,11.99,11,NO,YES,Secondary,1,Normal
31,28.13,39,112,70,10.72,8,NO,NO,Secondary,0,Normal
29,22.72,38,140,65,11.6,9,YES,NO,Primary,1,Normal
41,30.24,36,126,82,9.8,7,NO,NO,Higher,0,Low
41,22.64,39,124,91,9.81,11,NO,YES,Higher,1,Normal
26,31.11,36,142,61,12.11,4,NO,NO,Secondary,1,Normal
39,25.64,35,158,62,12.12,9,NO,NO,Secondary,0,Normal
25,24.35,40,121,78,10.19,10,NO,YES,Primary,1,Normal
37,16.69,35,155,73,10.92,1,NO,NO,Secondary,1,Low
31,32.75,38,103,98,9.91,8,NO,YES,Higher,0,Low
19,25.11,36,128,76,12.29,8,NO,NO,Higher,1,Normal
33,25.41,35,118,71,12.11,1,NO,NO,Secondary,1,Low
41,24.96,39,154,81,10.2,9,NO,NO,Primary,0,Normal
23,20.63,38,109,89,12.4,11,NO,NO,Primary,1,Normal
23,25.36,40,129,68,9.38,10,NO,NO,Higher,1,Normal
27,29.75,36,153,87,11.2,8,NO,NO,Secondary,1,Normal
44,29.86,38,140,70,10.99,8,NO,NO,Primary,0,Normal
30,22.69,35,120,78,12.52,1,NO,NO,Higher,1,Normal
31,26.92,39,102,98,11.11,10,NO,NO,Higher,1,Normal
18,29.4,37,146,80,10.21,2,YES,NO,Higher,1,Low
30,22.67,38,141,64,11.6,9,YES,NO,Primary,1,Normal
29,16.12,38,108,70,13.4,10,YES,NO,Primary,1,Low
36,28.18,35,130,76,11.18,0,NO,NO,Secondary,1,Low
28,18.64,39,100,87,11.69,0,NO,NO,Higher,1,Normal
33,31.57,37,126,98,10.19,5,YES,YES,Secondary,1,Low
42,18.94,37,104,95,12.33,4,NO,NO,Higher,1,Normal
29,25.47,38,158,69,10.42,7,NO,NO,Secondary,0,Normal
36,26.13,39,149,81,13.2,11,NO,NO,Secondary,1,Normal
33,31.92,38,139,80,11.39,4,NO,NO,None,1,Normal
22,31.38,35,133,86,11.7,1,NO,NO,Secondary,1,Normal
23,27.28,35,154,94,12.69,0,YES,NO,None,1,Low
23,19.18,35,103,97,9.5,10,YES,NO,Secondary,1,Low
29,35.61,39,112,87,11.21,0,NO,NO,Secondary,0,Normal
42,23.3,35,110,63,12.19,7,YES,NO,Secondary,1,Normal
40,24.93,39,153,81,10.18,9,NO,NO,Primary,0,Normal
36,29.37,38,126,63,10.79,1,NO,NO,None,1,Normal
26,31.3,35,138,67,12.7,10,NO,NO,Primary,1,Normal
43,21.11,40,110,64,9.91,7,NO,NO,None,1,Normal
21,26.14,39,149,73,9.99,4,NO,NO,Secondary,0,Normal
35,27.79,39,109,84,9.9,9,YES,NO,Primary,1,Normal
36,26.05,39,148,80,13.2,11,NO,NO,Secondary,1,Normal
26,25.3,38,139,87,12.3,3,NO,NO,Secondary,0,Low
30,38.7,36,128,69,11.43,6,NO,NO,Higher,1,Normal
24,24.22,40,121,98,11.21,7,NO,NO,Higher,0,Normal
21,19.29,36,125,90,10.01,10,NO,YES,Primary,0,Low
37,23.63,38,108,66,10.8,1,NO,NO,Primary,0,Normal
38,29.51,39,100,66,12.79,6,YES,NO,Secondary,1,Normal
20,29.11,40,147,73,10.51,9,YES,NO,Higher,0,Normal
41,27.64,37,118,64,11.31,4,NO,NO,Secondary,1,Normal
44,23.23,36,146,64,11.68,6,NO,NO,Secondary,1,Normal
40,24.47,39,150,92,12.61,4,YES,YES,Secondary,1,Normal
35,26.29,39,132,78,11.5,8,NO,NO,Secondary,1,Normal
26,25.39,39,120,76,12.08,2,NO,NO,Secondary,0,Normal
30,22.68,35,120,79,12.48,1,NO,NO,Higher,1,Normal
22,25.59,36,105,99,8.68,11,NO,NO,None,1,Normal
30,25.55,38,158,70,10.4,7,NO,NO,Secondary,0,Normal
43,24.2,39,129,74,12.68,9,NO,NO,Higher,0,Normal
32,25.47,37,128,66,11.5,0,NO,YES,Primary,1,Normal
36,28.21,35,130,76,11.2,0,NO,NO,Secondary,1,Low
40,20.52,40,123,93,11.29,5,NO,NO,Primary,1,Normal
24,20.06,35,153,61,12.51,6,NO,NO,Higher,1,Normal
26,34.21,37,101,91,11.1,8,YES,NO,Higher,0,Normal
43,17.85,39,144,65,10.5,7,NO,NO,Primary,1,Normal
32,29.65,37,153,78,11.29,1,NO,NO,Secondary,0,Normal
26,24.05,37,107,79,12.1,6,YES,NO,Primary,1,Normal
33,31.93,38,140,81,11.41,4,NO,NO,None,1,Normal
20,24.97,36,128,76,12.32,8,NO,NO,Higher,1,Normal
20,19.31,36,125,90,9.98,10,NO,YES,Primary,0,Low
19,16.69,37,153,77,11.09,10,NO,NO,Primary,0,Normal
25,28.18,40,132,95,9.52,8,NO,NO,Higher,1,Normal
31,28.07,39,111,70,10.7,8,NO,NO,Secondary,0,Normal
40,25.52,37,100,85,10.4,1,YES,YES,Secondary,1,Low
39,29.98,39,146,84,11.3,9,NO,NO,Higher,1,Normal
32,18.01,36,157,84,10.69,8,NO,NO,Primary,1,Normal
44,36.63,38,119,61,12.2,10,NO,YES,Secondary,1,Normal
41,28.58,38,136,95,10.7,5,NO,NO,None,1,Normal
28,26.6,39,137,60,12.68,2,NO,NO,Higher,1,Normal
25,24.77,40,155,63,10.9,5,NO,NO,Higher,1,Normal
27,26.52,39,137,61,12.7,2,NO,NO,Higher,1,Normal
23,16.88,35,106,77,10.7,11,NO,NO,None,1,Normal
19,26.74,35,115,67,13.4,4,NO,YES,Primary,1,Normal
39,29.53,39,100,67,12.81,6,YES,NO,Secondary,1,Normal
35,28.09,38,151,67,9.71,8,NO,YES,Primary,1,Normal
38,21.63,36,131,66,11.71,10,YES,NO,None,1,Low
37,16.52,35,155,73,10.91,1,NO,NO,Secondary,1,Low
37,23.08,38,136,78,10.11,3,NO,YES,Higher,0,Low
19,31.6,39,150,62,11.51,10,NO,NO,Primary,1,Normal
30,38.66,36,129,69,11.4,6,NO,NO,Higher,1,Normal
23,31.46,35,133,86,11.7,1,NO,NO,Secondary,1,Normal
38,29.54,39,100,67,12.81,6,YES,NO,Secondary,1,Normal
33,25.57,37,129,67,11.5,0,NO,YES,Primary,1,Normal
22,22.92,35,124,94,12.22,11,NO,NO,Higher,1,Normal
44,20.52,40,100,83,14.49,0,NO,NO,Primary,1,Normal
39,29.43,39,100,67,12.8,6,YES,NO,Secondary,1,Normal
30,28.21,37,111,91,9.69,1,NO,NO,Higher,1,Normal
42,25.23,39,145,63,12.12,0,YES,NO,Secondary,1,Normal
38,24.38,37,114,79,11.1,9,NO,NO,Higher,0,Normal
19,16.74,37,153,77,11.09,10,NO,NO,Primary,0,Normal
24,29.39,38,113,96,13.1,11,NO,NO,Higher,0,Normal
18,31.68,38,153,67,10.81,7,YES,NO,Secondary,0,Normal
41,25.46,37,100,84,10.42,1,YES,YES,Secondary,1,Low
21,20.68,38,102,70,11.3,0,NO,NO,Secondary,0,Normal
37,20.73,35,143,88,11.7,1,YES,YES,Higher,0,Low
18,28.78,37,157,96,11.79,11,NO,NO,Higher,1,Normal
27,25.91,35,116,83,11.61,10,NO,NO,Higher,1,Normal
30,26.24,37,148,61,9.98,3,NO,NO,Secondary,0,Low
28,31.97,36,103,86,11.79,2,NO,NO,Higher,1,Normal
33,34.38,36,127,74,11.02,10,NO,YES,Secondary,1,Low
34,34.44,36,128,74,11.02,10,NO,YES,Secondary,1,Low
31,25.97,40,139,68,11.4,10,NO,NO,Higher,1,Normal
43,17.83,39,144,64,10.49,7,NO,NO,Primary,1,Normal
18,26.69,39,123,74,11.81,8,NO,NO,Primary,0,Normal
24,19.99,35,153,60,12.48,6,NO,NO,Higher,1,Normal
37,23.27,35,109,85,11.8,7,NO,NO,Higher,1,Normal
29,19.38,35,125,86,10.1,8,NO,YES,Secondary,0,Low
24,19.22,35,104,97,9.54,10,YES,NO,Secondary,1,Low
23,16.95,35,107,77,10.69,11,NO,NO,None,1,Normal
26,28.19,40,133,94,9.49,8,NO,NO,Higher,1,Normal
23,25.24,36,120,65,12.51,9,NO,NO,Secondary,1,Normal
18,27.4,40,148,81,11.29,3,NO,NO,Primary,1,Normal
34,28.9,40,112,70,10.39,1,NO,YES,Primary,1,Low
43,24.18,39,128,73,12.72,9,NO,NO,Higher,0,Normal
36,28.4,38,124,97,12.9,8,NO,NO,Secondary,0,Normal
34,28.93,40,113,71,10.4,1,NO,YES,Primary,1,Low
29,22.69,35,119,78,12.5,1,NO,NO,Higher,1,Normal
25,24.29,40,122,77,10.19,10,NO,YES,Primary,1,Normal
34,31.56,37,127,99,10.2,5,YES,YES,Secondary,1,Low
33,22.42,37,147,71,10.8,7,NO,YES,Secondary,1,Normal
18,25.07,39,109,89,13.12,2,NO,NO,Secondary,1,Normal
32,26.94,39,103,98,11.1,10,NO,NO,Higher,1,Normal
28,32.0,36,103,86,11.81,2,NO,NO,Higher,1,Normal
44,31.83,39,141,95,9.7,2,NO,NO,Secondary,1,Normal
29,18.65,39,100,88,11.7,0,NO,NO,Higher,1,Normal
43,17.52,37,127,93,12.2,1,NO,NO,Higher,1,Normal
38,29.5,39,100,67,12.79,6,YES,NO,Secondary,1,Normal
33,22.49,37,146,71,10.83,7,NO,YES,Secondary,1,Normal
40,14.89,35,157,73,12.71,1,NO,YES,Secondary,1,Low
37,24.93,40,130,92,12.12,5,NO,NO,Secondary,0,Normal
21,24.35,36,127,97,12.81,6,YES,NO,Primary,1,Normal
41,25.23,39,145,63,12.11,0,YES,NO,Secondary,1,Normal
35,37.62,35,119,92,9.32,11,NO,NO,Secondary,1,Normal
26,25.77,39,102,88,13.91,7,NO,NO,Higher,1,Normal
38,34.25,39,142,70,12.2,7,YES,NO,Higher,0,Normal
20,19.6,37,131,83,11.7,10,NO,NO,Primary,1,Normal
42,24.26,39,129,74,12.7,9,NO,NO,Higher,0,Normal
41,25.53,37,100,84,10.39,1,YES,YES,Secondary,1,Low
25,23.99,37,108,79,12.09,6,YES,NO,Primary,1,Normal
18,26.66,39,124,73,11.81,8,NO,NO,Primary,0,Normal
18,28.76,37,157,96,11.82,11,NO,NO,Higher,1,Normal
18,28.82,37,158,95,11.81,11,NO,NO,Higher,1,Normal
24,23.75,38,125,81,9.6,3,NO,NO,Higher,0,Low
36,26.08,39,149,80,13.19,11,NO,NO,Secondary,1,Normal
31,26.58,35,114,84,11.49,7,NO,NO,Higher,0,Normal
28,19.27,35,126,86,10.09,8,NO,YES,Secondary,0,Low
30,38.68,36,129,70,11.4,6,NO,NO,Higher,1,Normal
30,22.71,35,119,79,12.51,1,NO,NO,Higher,1,Normal
28,26.14,36,100,90,10.59,3,NO,NO,Primary,1,Normal
42,27.55,37,118,65,11.31,4,NO,NO,Secondary,1,Normal
20,27.76,38,137,80,13.03,8,YES,NO,None,1,Normal
26,31.28,35,139,67,12.69,10,NO,NO,Primary,1,Normal
22,33.3,38,129,85,11.71,5,NO,NO,Secondary,0,Normal
38,23.2,38,135,78,10.08,3,NO,YES,Higher,0,Low
29,31.9,37,133,60,8.89,10,NO,NO,Primary,1,Normal
43,23.39,38,113,80,10.27,5,NO,NO,Secondary,1,Normal
37,23.54,36,103,76,12.48,0,YES,NO,Primary,1,Low
36,24.92,40,131,91,12.09,5,NO,NO,Secondary,0,Normal
37,25.02,35,146,62,14.7,6,NO,NO,None,1,Normal
22,30.26,38,145,79,12.2,7,NO,NO,Primary,1,Normal
41,22.61,39,124,91,9.8,11,NO,YES,Higher,1,Normal
38,23.37,35,109,85,11.8,7,NO,NO,Higher,1,Normal
21,19.56,37,132,82,11.71,10,NO,NO,Primary,1,Normal
33,28.65,39,136,92,11.21,2,NO,NO,Higher,1,Normal
20,22.83,38,117,72,8.69,2,YES,NO,Higher,1,Low
20,32.28,40,159,68,14.11,9,NO,YES,Secondary,0,Normal
37,28.1,35,129,77,11.21,0,NO,NO,Secondary,1,Low
40,23.18,39,103,62,8.7,8,YES,NO,Higher,1,Normal
37,30.99,38,100,65,11.31,7,YES,NO,Primary,1,Normal
28,26.5,39,136,61,12.7,2,NO,NO,Higher,1,Normal
21,20.44,35,102,93,10.49,0,NO,YES,Secondary,1,Low
32,33.4,40,155,99,11.8,8,NO,NO,Higher,0,Normal
35,26.3,39,131,78,11.52,8,NO,NO,Secondary,1,Normal
35,26.34,39,132,78,11.52,8,NO,NO,Secondary,1,Normal
20,30.15,39,109,92,12.51,4,NO,NO,Secondary,1,Normal
27,29.7,36,152,87,11.19,8,NO,NO,Secondary,1,Normal
28,22.13,38,119,96,13.62,4,NO,NO,Primary,0,Normal
23,31.17,39,102,88,11.69,6,NO,NO,Secondary,1,Normal
43,21.01,40,110,65,9.9,7,NO,NO,None,1,Normal
38,15.45,35,145,97,12.51,6,NO,NO,Higher,1,Normal
20,19.29,36,125,90,9.99,10,NO,YES,Primary,0,Low
25,29.47,37,113,63,12.4,8,NO,NO,Secondary,1,Normal
23,31.41,35,132,85,11.7,1,NO,NO,Secondary,1,Normal
37,15.44,35,145,98,12.5,6,NO,NO,Higher,1,Normal
30,38.65,36,129,69,11.41,6,NO,NO,Higher,1,Normal
43,23.18,36,146,64,11.71,6,NO,NO,Secondary,1,Normal
26,28.26,40,133,95,9.49,8,NO,NO,Higher,1,Normal
24,23.2,36,135,65,11.51,10,NO,YES,Secondary,1,Normal
40,22.02,37,155,99,10.8,8,NO,NO,Primary,0,Normal
19,24.89,36,128,76,12.3,8,NO,NO,Higher,1,Normal
26,25.34,38,140,87,12.3,3,NO,NO,Secondary,0,Low
22,31.39,35,132,85,11.69,1,NO,NO,Secondary,1,Normal
41,32.77,40,133,60,11.98,11,NO,YES,Secondary,1,Normal
30,26.19,37,149,61,10.02,3,NO,NO,Secondary,0,Low
31,28.12,39,112,70,10.71,8,NO,NO,Secondary,0,Normal
44,29.74,40,103,99,9.48,0,NO,NO,Higher,0,Low
21,27.68,35,104,73,10.6,5,NO,YES,None,0,Low
36,28.08,38,152,66,9.7,8,NO,YES,Primary,1,Normal
27,20.27,38,143,84,9.49,6,NO,NO,Higher,1,Normal
32,33.83,38,136,71,13.6,8,NO,NO,Secondary,1,Normal
40,23.29,39,104,94,12.51,4,NO,NO,Secondary,0,Normal
20,24.34,36,126,97,12.8,6,YES,NO,Primary,1,Normal
38,27.14,36,153,78,11.82,9,NO,YES,Secondary,1,Normal
38,30.93,38,100,65,11.29,7,YES,NO,Primary,1,Normal
30,20.17,39,116,64,11.59,3,NO,NO,Secondary,0,Normal
33,25.56,37,128,66,11.49,0,NO,YES,Primary,1,Normal
32,21.93,39,156,96,9.38,1,NO,YES,Higher,1,Low
18,23.88,35,103,74,10.99,1,NO,NO,Secondary,1,Normal
32,33.83,38,137,72,13.62,8,NO,NO,Secondary,1,Normal
28,16.1,38,109,69,13.39,10,YES,NO,Primary,1,Low
26,20.59,37,152,96,11.31,11,YES,NO,Primary,1,Normal
18,20.17,36,149,69,13.03,2,NO,NO,Higher,1,Normal
37,23.6,38,109,67,10.79,1,NO,NO,Primary,0,Normal
19,22.76,38,116,73,8.7,2,YES,NO,Higher,1,Low
39,29.43,39,100,67,12.79,6,YES,NO,Secondary,1,Normal
22,20.29,35,101,93,10.49,0,NO,YES,Secondary,1,Low
21,26.06,39,150,74,9.99,4,NO,NO,Secondary,0,Normal
39,28.91,35,112,97,13.8,8,NO,NO,None,1,Normal
29,26.19,37,149,62,9.99,3,NO,NO,Secondary,0,Low
34,25.08,36,122,60,11.1,1,NO,NO,Secondary,1,Normal
18,22.9,35,159,92,10.29,9,NO,NO,Higher,1,Normal
28,20.27,38,144,85,9.52,6,NO,NO,Higher,1,Normal
18,28.84,38,157,65,10.11,1,NO,NO,Higher,1,Normal
22,18.48,38,156,76,10.2,6,NO,NO,Higher,1,Normal
37,28.35,38,125,97,12.9,8,NO,NO,Secondary,0,Normal
39,24.59,39,108,85,12.62,1,YES,NO,Primary,1,Normal
32,28.69,39,136,91,11.23,2,NO,NO,Higher,1,Normal
24,24.17,40,121,98,11.21,7,NO,NO,Higher,0,Normal
39,28.9,35,112,97,13.79,8,NO,NO,None,1,Normal
20,20.3,38,148,84,12.11,11,YES,NO,Secondary,0,Normal
35,26.98,38,104,65,12.99,4,NO,YES,Higher,1,Normal
41,20.42,35,150,72,13.5,2,NO,NO,Higher,1,Normal
18,22.72,39,155,60,13.01,5,NO,NO,Primary,0,Normal
41,32.78,40,132,60,12.0,11,NO,YES,Secondary,1,Normal
33,25.43,35,118,70,12.12,1,NO,NO,Secondary,1,Low
31,32.75,38,103,98,9.9,8,NO,YES,Higher,0,Low
31,21.9,39,156,96,9.41,1,NO,YES,Higher,1,Low
42,21.9,40,120,68,11.22,2,NO,NO,Secondary,0,Normal
20,28.78,39,130,96,13.2,4,NO,NO,None,1,Normal
24,23.77,38,126,82,9.61,3,NO,NO,Higher,0,Low
33,34.36,36,127,74,11.0,10,NO,YES,Secondary,1,Low
40,20.52,40,123,94,11.3,5,NO,NO,Primary,1,Normal
42,23.42,38,113,81,10.31,5,NO,NO,Secondary,1,Normal
42,23.42,38,112,81,10.28,5,NO,NO,Secondary,1,Normal
38,25.74,35,157,63,12.11,9,NO,NO,Secondary,0,Normal
41,22.11,37,156,99,10.79,8,NO,NO,Primary,0,Normal
24,22.34,35,116,73,12.08,7,NO,YES,Primary,0,Low
35,29.41,38,126,62,10.78,1,NO,NO,None,1,Normal
29,21.15,35,132,76,11.68,6,YES,YES,Secondary,1,Low
24,31.38,39,150,89,11.09,7,NO,NO,Higher,1,Normal
42,18.89,37,104,95,12.3,4,NO,NO,Higher,1,Normal
30,31.75,38,116,96,12.81,10,NO,NO,Higher,1,Normal
41,30.34,36,125,82,9.81,7,NO,NO,Higher,0,Low
23,22.99,35,125,94,12.2,11,NO,NO,Higher,1,Normal
22,18.6,38,156,76,10.2,6,NO,NO,Higher,1,Normal
41,21.91,40,121,68,11.18,2,NO,NO,Secondary,0,Normal
38,25.03,35,145,61,14.7,6,NO,NO,None,1,Normal
26,25.42,39,120,75,12.11,2,NO,NO,Secondary,0,Normal
25,24.93,40,154,64,10.91,5,NO,NO,Higher,1,Normal
27,26.53,39,137,61,12.72,2,NO,NO,Higher,1,Normal
35,26.31,39,131,78,11.48,8,NO,NO,Secondary,1,Normal
43,36.72,38,120,61,12.21,10,NO,YES,Secondary,1,Normal
21,26.22,39,149,74,9.99,4,NO,NO,Secondary,0,Normal
25,36.87,39,112,67,9.81,1,NO,YES,Secondary,1,Low
25,29.45,37,114,64,12.4,8,NO,NO,Secondary,1,Normal
42,30.24,38,117,65,13.11,1,NO,NO,Secondary,0,Normal
41,30.25,38,116,65,13.13,1,NO,NO,Secondary,0,Normal
18,22.91,35,158,92,10.3,9,NO,NO,Higher,1,Normal
31,11.7,39,145,84,13.0,3,NO,NO,Higher,1,Normal
18,21.04,39,133,92,10.5,4,NO,NO,Primary,1,Normal
39,14.92,35,158,72,12.7,1,NO,YES,Secondary,1,Low
41,24.96,39,154,81,10.18,9,NO,NO,Primary,0,Normal
30,18.56,38,120,73,12.88,9,NO,YES,Higher,1,Normal
24,24.11,40,122,98,11.2,7,NO,NO,Higher,0,Normal
28,21.95,35,148,94,11.99,10,YES,NO,Primary,1,Normal
25,25.79,39,103,88,13.89,7,NO,NO,Higher,1,Normal
27,25.25,38,140,87,12.31,3,NO,NO,Secondary,0,Low
24,29.36,38,114,96,13.09,11,NO,NO,Higher,0,Normal
40,23.72,39,110,77,11.59,0,NO,NO,Primary,1,Normal
19,31.5,39,149,63,11.5,10,NO,NO,Primary,1,Normal
37,23.52,38,109,66,10.81,1,NO,NO,Primary,0,Normal
19,23.75,39,152,96,11.38,4,NO,NO,Higher,0,Normal
25,24.83,40,154,63,10.89,5,NO,NO,Higher,1,Normal
24,29.4,38,113,96,13.1,11,NO,NO,Higher,0,Normal
42,24.21,39,129,74,12.69,9,NO,NO,Higher,0,Normal
24,25.36,40,129,69,9.39,10,NO,NO,Higher,1,Normal
24,19.97,35,152,60,12.5,6,NO,NO,Higher,1,Normal
29,22.68,38,140,65,11.59,9,YES,NO,Primary,1,Normal
29,18.44,38,120,72,12.91,9,NO,YES,Higher,1,Normal
37,16.65,35,155,72,10.89,1,NO,NO,Secondary,1,Low
21,28.76,39,129,95,13.19,4,NO,NO,None,1,Normal
44,29.81,38,140,70,10.98,8,NO,NO,Primary,0,Normal
44,31.99,35,134,84,12.4,0,NO,NO,Higher,0,Low
41,32.77,40,133,60,12.01,11,NO,YES,Secondary,1,Normal
25,22.96,39,101,60,11.01,8,YES,NO,Secondary,0,Normal
19,27.66,38,136,81,12.99,8,YES,NO,None,1,Normal
37,25.02,35,146,61,14.7,6,NO,NO,None,1,Normal
23,19.22,35,104,97,9.51,10,YES,NO,Secondary,1,Low
18,28.71,37,157,95,11.8,11,NO,NO,Higher,1,Normal
26,23.99,37,108,80,12.11,6,YES,NO,Primary,1,Normal
20,18.97,36,130,61,11.71,7,NO,NO,None,0,Normal
30,30.27,39,133,90,14.6,3,NO,YES,Higher,1,Normal
30,28.2,37,110,92,9.71,1,NO,NO,Higher,1,Normal
19,27.68,38,151,81,11.08,4,NO,YES,Higher,1,Normal
42,25.18,39,146,62,12.1,0,YES,NO,Secondary,1,Normal
19,16.68,37,153,77,11.07,10,NO,NO,Primary,0,Normal
22,20.43,35,102,93,10.51,0,NO,YES,Secondary,1,Low
22,31.38,35,133,86,11.71,1,NO,NO,Secondary,1,Normal
24,26.01,40,155,63,12.08,7,NO,NO,Primary,1,Normal
30,30.17,39,133,89,14.59,3,NO,YES,Higher,1,Normal
43,17.81,39,145,65,10.49,7,NO,NO,Primary,1,Normal
35,37.69,35,119,92,9.3,11,NO,NO,Secondary,1,Normal
38,27.0,36,153,78,11.79,9,NO,YES,Secondary,1,Normal
29,24.93,38,116,69,12.5,4,NO,YES,Secondary,0,Normal
24,21.19,37,137,82,9.0,9,NO,NO,Secondary,1,Normal
24,26.05,40,156,62,12.09,7,NO,NO,Primary,1,Normal
23,31.45,35,133,85,11.69,1,NO,NO,Secondary,1,Normal
39,23.31,39,103,93,12.5,4,NO,NO,Secondary,0,Normal
20,27.69,35,103,73,10.63,5,NO,YES,None,0,Low
20,30.19,39,109,92,12.51,4,NO,NO,Secondary,1,Normal
31,38.7,36,129,70,11.4,6,NO,NO,Higher,1,Normal
41,20.37,35,149,73,13.51,2,NO,NO,Higher,1,Normal
23,26.03,40,155,62,12.08,7,NO,NO,Primary,1,Normal
28,35.71,39,113,88,11.19,0,NO,NO,Secondary,0,Normal
18,20.27,36,150,68,13.02,2,NO,NO,Higher,1,Normal
27,25.29,38,139,87,12.31,3,NO,NO,Secondary,0,Low
18,21.12,37,114,72,11.6,0,NO,NO,None,1,Normal
18,22.88,35,158,92,10.3,9,NO,NO,Higher,1,Normal
20,27.64,38,136,81,13.02,8,YES,NO,None,1,Normal
25,25.76,39,102,89,13.9,7,NO,NO,Higher,1,Normal
24,27.25,35,154,93,12.71,0,YES,NO,None,1,Low
21,33.37,38,129,84,11.7,5,NO,NO,Secondary,0,Normal
22,31.34,35,133,60,11.67,8,NO,NO,Higher,1,Normal
44,32.0,35,134,85,12.4,0,NO,NO,Higher,0,Low
31,17.97,36,157,85,10.7,8,NO,NO,Primary,1,Normal
36,28.08,38,151,67,9.68,8,NO,YES,Primary,1,Normal
31,30.21,39,133,89,14.6,3,NO,YES,Higher,1,Normal
33,34.35,36,127,73,10.99,10,NO,YES,Secondary,1,Low
28,29.33,40,100,88,11.08,5,NO,NO,Secondary,0,Normal
18,25.11,39,110,89,13.12,2,NO,NO,Secondary,1,Normal
37,16.51,35,154,73,10.9,1,NO,NO,Secondary,1,Low
21,18.45,38,156,75,10.2,6,NO,NO,Higher,1,Normal
41,25.56,40,125,88,11.4,11,NO,YES,Secondary,1,Normal
44,36.78,38,120,62,12.2,10,NO,YES,Secondary,1,Normal
40,24.53,39,150,92,12.6,4,YES,YES,Secondary,1,Normal
38,23.07,38,135,78,10.08,3,NO,YES,Higher,0,Low
29,26.22,37,149,61,10.01,3,NO,NO,Secondary,0,Low
18,29.37,37,146,80,10.21,2,YES,NO,Higher,1,Low
27,31.64,36,117,98,11.18,2,NO,NO,Primary,1,Normal
